{"cameraMode":{"drawMode":0,"name":"Shaded","section":"Shading Mode"},"sceneLighting":false,"audioPlay":false,"sceneViewState":{"m_AlwaysRefresh":false,"showFog":true,"showSkybox":false,"showFlares":true,"showImageEffects":true,"showParticleSystems":true,"showVisualEffectGraphs":true,"m_FxEnabled":true},"in2DMode":false,"pivot":{"x":-0.2760322391986847,"y":-0.718672513961792,"z":0.48400378227233889},"rotation":{"x":0.12391329556703568,"y":0.014597449451684952,"z":-0.0016123997047543526,"w":0.9924463033676148},"size":0.8660253882408142,"orthographic":false}